{
    "skinWeights":[0.990454,0,0.984476,0,0.990346,0,0.984562,0,0.990368,0,0.984631,0,0.990266,0,0.984768,0,0.99039,0,0.984884,0,0.990391,0,0.985162,0,0.990525,0,0.985379,0,0.99055,0,0.985793,0,0.990572,0,0.986062,0,0.990487,0,0.986358,0,0.990526,0,0.986339,0,0.990445,0,0.987303,0,0.990569,0,0.989252,0,0.990574,0,0.990992,0,0.990694,0,0.992221,0,0.990707,0,0.993391,0,0.990728,0,0.994036,0,0.990643,0,0.994498,0,0.990668,0,0.994437,0,0.990579,0,0.994124,0,0.99068,0,0.993328,0,0.990668,0,0.992394,0,0.99077,0,0.99103,0,0.99077,0,0.989662,0,0.990731,0,0.987892,0,0.990588,0,0.985995,0,0.990563,0,0.985081,0,0.990419,0,0.985149,0,0.990484,0,0.984965,0,0.990426,0,0.984837,0,0.990494,0,0.984593,0,0.990446,0,0.984558,0],
    "normals":[0.098017,-0.995185,0,0.290285,-0.95694,0,0.471397,-0.881921,0,0.634393,-0.77301,0,0.77301,-0.634393,0,0.881921,-0.471397,0,0.95694,-0.290285,0,0.995185,-0.098017,0,0.995185,0.098017,0,0.95694,0.290285,-0,0.881921,0.471397,-0,0.77301,0.634393,-0,0.634393,0.77301,-0,0.471397,0.881921,-0,0.290284,0.95694,-0,0.098017,0.995185,-0,-0.098017,0.995185,-0,-0.290285,0.95694,-0,-0.471397,0.881921,-0,-0.634394,0.77301,-0,-0.773011,0.634393,-0,-0.881922,0.471396,-0,-0.956941,0.290284,-0,-0.995185,0.098016,0,-0.995185,-0.098018,0,-0.95694,-0.290286,0,-0.881921,-0.471398,0,-0.77301,-0.634394,0,-0.634392,-0.773011,0,-0.471396,-0.881922,0,0,0,-1,0,0,-1,-0,0,-1,0,-0,-1,-0,0,-1,-0.290283,-0.956941,0,-0.098016,-0.995185,0,-0,0,1,0,0,1,0,0,1,0,-0,1],
    "influencesPerVertex":2,
    "metadata":{
        "normals":41,
        "vertices":64,
        "generator":"io_three",
        "uvs":0,
        "type":"Geometry",
        "materials":1,
        "version":3,
        "bones":3,
        "faces":92
    },
    "uvs":[],
    "vertices":[-0,0.044766,-1,-0,7.84484,-1,0.19509,0.044766,-0.980785,0.19509,7.84484,-0.980786,0.382683,0.044766,-0.92388,0.382683,7.84484,-0.92388,0.55557,0.044766,-0.83147,0.55557,7.84484,-0.83147,0.707107,0.044766,-0.707107,0.707107,7.84484,-0.707107,0.83147,0.044766,-0.55557,0.83147,7.84484,-0.55557,0.923879,0.044766,-0.382683,0.923879,7.84484,-0.382684,0.980785,0.044766,-0.19509,0.980785,7.84484,-0.195091,1,0.044766,-0,1,7.84484,-0,0.980785,0.044766,0.19509,0.980785,7.84484,0.19509,0.923879,0.044766,0.382683,0.92388,7.84484,0.382683,0.83147,0.044766,0.55557,0.83147,7.84484,0.55557,0.707107,0.044766,0.707107,0.707107,7.84484,0.707106,0.55557,0.044766,0.83147,0.55557,7.84484,0.831469,0.382683,0.044766,0.92388,0.382683,7.84484,0.923879,0.19509,0.044766,0.980785,0.19509,7.84484,0.980785,-0,0.044766,1,-0,7.84484,1,-0.195091,0.044766,0.980785,-0.195091,7.84484,0.980785,-0.382684,0.044766,0.923879,-0.382684,7.84484,0.923879,-0.555571,0.044766,0.831469,-0.555571,7.84484,0.831469,-0.707107,0.044766,0.707106,-0.707107,7.84484,0.707106,-0.83147,0.044766,0.55557,-0.83147,7.84484,0.555569,-0.92388,0.044766,0.382683,-0.92388,7.84484,0.382682,-0.980785,0.044766,0.195089,-0.980785,7.84484,0.195089,-1,0.044766,-1e-06,-1,7.84484,-1e-06,-0.980785,0.044766,-0.195091,-0.980785,7.84484,-0.195092,-0.923879,0.044766,-0.382684,-0.923879,7.84484,-0.382685,-0.831469,0.044766,-0.555571,-0.831469,7.84484,-0.555572,-0.707106,0.044766,-0.707108,-0.707106,7.84484,-0.707108,-0.555569,0.044766,-0.83147,-0.555569,7.84484,-0.831471,-0.382682,0.044766,-0.92388,-0.382682,7.84484,-0.92388,-0.195089,0.044766,-0.980786,-0.195089,7.84484,-0.980786],
    "name":"CylinderGeometry.1",
    "animations":[],
    "skinIndices":[0,0,2,0,0,0,2,0,0,0,2,0,0,0,2,0,0,0,2,0,0,0,2,0,0,0,2,0,0,0,2,0,0,0,2,0,0,0,2,0,0,0,2,0,0,0,2,0,0,0,2,0,0,0,2,0,0,0,2,0,0,0,2,0,0,0,2,0,0,0,2,0,0,0,2,0,0,0,2,0,0,0,2,0,0,0,2,0,0,0,2,0,0,0,2,0,0,0,2,0,0,0,2,0,0,0,2,0,0,0,2,0,0,0,2,0,0,0,2,0,0,0,2,0,0,0,2,0],
    "materials":[{
        "depthTest":true,
        "DbgColor":15658734,
        "DbgName":"DeepBlue",
        "colorDiffuse":[0.03636,0.051135,0.64],
        "shading":"phong",
        "specularCoef":50,
        "blending":"NormalBlending",
        "colorEmissive":[0,0,0],
        "colorSpecular":[0.5,0.5,0.5],
        "transparent":false,
        "opacity":1,
        "wireframe":false,
        "DbgIndex":0,
        "depthWrite":true,
        "visible":true
    }],
    "bones":[{
        "pos":[0,0,-0],
        "name":"Bone",
        "parent":-1,
        "scl":[1,1,1],
        "rotq":[0.718949,0.006038,0.005921,0.695012]
    },{
        "pos":[0,0,-2.59174],
        "name":"Bone.001",
        "parent":0,
        "scl":[1,1,1],
        "rotq":[0.008477,0.00237,-0.906173,0.422817]
    },{
        "pos":[0,-0,-2.52266],
        "name":"Bone.002",
        "parent":1,
        "scl":[1,1,1],
        "rotq":[-0.006668,-0.002223,-0.062327,0.998031]
    }],
    "faces":[35,0,1,3,2,0,0,0,0,0,35,2,3,5,4,0,1,1,1,1,35,4,5,7,6,0,2,2,2,2,35,6,7,9,8,0,3,3,3,3,35,8,9,11,10,0,4,4,4,4,35,10,11,13,12,0,5,5,5,5,35,12,13,15,14,0,6,6,6,6,35,14,15,17,16,0,7,7,7,7,35,16,17,19,18,0,8,8,8,8,35,18,19,21,20,0,9,9,9,9,35,20,21,23,22,0,10,10,10,10,35,22,23,25,24,0,11,11,11,11,35,24,25,27,26,0,12,12,12,12,35,26,27,29,28,0,13,13,13,13,35,28,29,31,30,0,14,14,14,14,35,30,31,33,32,0,15,15,15,15,35,32,33,35,34,0,16,16,16,16,35,34,35,37,36,0,17,17,17,17,35,36,37,39,38,0,18,18,18,18,35,38,39,41,40,0,19,19,19,19,35,40,41,43,42,0,20,20,20,20,35,42,43,45,44,0,21,21,21,21,35,44,45,47,46,0,22,22,22,22,35,46,47,49,48,0,23,23,23,23,35,48,49,51,50,0,24,24,24,24,35,50,51,53,52,0,25,25,25,25,35,52,53,55,54,0,26,26,26,26,35,54,55,57,56,0,27,27,27,27,35,56,57,59,58,0,28,28,28,28,35,58,59,61,60,0,29,29,29,29,34,5,3,1,0,30,30,30,34,1,63,61,0,30,30,30,34,61,59,57,0,30,30,30,34,57,55,53,0,30,30,30,34,53,51,49,0,30,30,30,34,49,47,45,0,30,30,30,34,45,43,41,0,30,30,30,34,41,39,37,0,30,30,30,34,37,35,33,0,30,30,30,34,33,31,29,0,30,30,30,34,29,27,25,0,31,31,31,34,25,23,21,0,31,31,31,34,21,19,17,0,30,30,30,34,17,15,13,0,30,30,30,34,13,11,9,0,30,30,30,34,9,7,5,0,30,30,30,34,5,1,61,0,32,32,32,34,61,57,53,0,31,31,31,34,53,49,45,0,30,30,30,34,45,41,37,0,30,30,30,34,37,33,29,0,30,30,30,34,29,25,21,0,30,30,30,34,21,17,13,0,33,33,33,34,13,9,5,0,30,30,30,34,5,61,53,0,34,34,34,34,53,45,37,0,30,30,30,34,37,29,21,0,31,31,31,34,21,13,5,0,30,30,30,34,5,53,37,0,30,30,30,34,37,21,5,0,33,33,33,35,60,61,63,62,0,35,35,35,35,35,1,0,62,63,0,36,36,36,36,34,62,0,2,0,37,37,37,34,2,4,6,0,38,38,38,34,6,8,10,0,38,38,38,34,10,12,14,0,39,39,39,34,14,16,18,0,40,40,40,34,18,20,22,0,38,38,38,34,22,24,26,0,38,38,38,34,26,28,30,0,38,38,38,34,30,32,34,0,38,38,38,34,34,36,38,0,38,38,38,34,38,40,42,0,38,38,38,34,42,44,46,0,38,38,38,34,46,48,50,0,38,38,38,34,50,52,54,0,38,38,38,34,54,56,58,0,38,38,38,34,58,60,62,0,38,38,38,34,62,2,6,0,38,38,38,34,6,10,14,0,38,38,38,34,14,18,22,0,40,40,40,34,22,26,30,0,38,38,38,34,30,34,38,0,38,38,38,34,38,42,46,0,38,38,38,34,46,50,54,0,38,38,38,34,54,58,62,0,38,38,38,34,62,6,14,0,38,38,38,34,14,22,30,0,38,38,38,34,30,38,46,0,38,38,38,34,46,54,62,0,38,38,38,34,62,14,30,0,40,40,40,34,30,46,62,0,38,38,38]
}